<?xml version="1.0" encoding="UTF-8"?>
<!--DOCTYPE hibernate-configuration PUBLIC "-//Hibernate/Hibernate Configuration 
	DTD 3.0//EN" "http://www.hibernate.org/dtd/hibernate-configuration-3.0.dtd" -->
<hibernate-configuration>
	<session-factory>
		<!-- Database connection settings -->
		<property name="connection.driver_class">com.mysql.cj.jdbc.Driver</property>
		<property name="connection.url">jdbc:mysql://localhost:3306/bloodbank_management_system </property>
		<property name="connection.username">root</property>
		<property name="connection.password">security</property>
		<!-- Automatically create or update database schema -->
		<property name="hbm2ddl.auto">update</property>
		<!-- Specify the dialect for your database -->
		<property name="dialect">org.hibernate.dialect.MySQL8Dialect</property>
		<!-- Enable or disable showing SQL statements in the console -->
		<property name="show_sql">false</property>
		<property name="format_sql">true</property>
		
		<!-- Mapping Classes -->
        
        <mapping class="com.bloodbank.entity.Donor"/>
        <mapping class="com.bloodbank.entity.Patient"/>
        <mapping class="com.bloodbank.entity.Blood"/>
        <mapping class="com.bloodbank.entity.BloodBank"/>
        <mapping class="com.bloodbank.entity.EmployeeTeam"/>
        <mapping class="com.bloodbank.entity.Hospital"/>
        <mapping class="com.bloodbank.entity.Admin"/>
		</session-factory>
</hibernate-configuration>